id,name,models_monthly,api_monthly_usd,standalone_net_monthly_before_setup_usd,standalone_net_year_one_usd,payback_months
U1,Part selection,100,1.008,-292.008,-13304.096,
U1,Part selection,1000,10.08,-220.08,-12440.96,
U1,Part selection,10000,100.8,499.2,-3809.6,19.63141
U2,Assembly selection,100,0.63,-361.63,-18339.56,
U2,Assembly selection,1000,6.3,-16.3,-14195.6,
U2,Assembly selection,10000,63.0,3437.0,27244.0,4.07332
U3,Brief and handler selection,100,0.0252,-245.0252,-12440.3024,
U3,Brief and handler selection,1000,0.252,-200.252,-11903.024,
U3,Brief and handler selection,10000,2.52,247.48,-6530.24,38.38694
U4,Brief coverage verification,100,0.0756,-281.0756,-13172.9072,
U4,Brief coverage verification,1000,0.756,-110.756,-11129.072,
U4,Brief coverage verification,10000,7.56,1592.44,9309.28,6.154078
U5,Context selection,100,0.1512,-249.1512,-11289.8144,
U5,Context selection,1000,1.512,-241.512,-11198.144,
U5,Context selection,10000,15.12,-165.12,-10281.44,
U6,Generator escalation,100,0.0756,-445.0756,-21340.9072,
U6,Generator escalation,1000,0.756,49.244,-15409.072,324.91268
U6,Generator escalation,10000,7.56,4992.44,43909.28,3.204846
U7,Repair routing,100,0.00252,-293.00252,-13316.03024,
U7,Repair routing,1000,0.0252,-230.0252,-12560.3024,
U7,Repair routing,10000,0.252,399.748,-5003.024,24.515445
U8,Alternative design selection,100,0.126,-451.126,-17013.512,
U8,Alternative design selection,1000,1.26,-911.26,-22535.12,
U8,Alternative design selection,10000,12.6,-5512.6,-77751.2,
U9,Offline semantic annotations,100,0.084,-298.084,-15177.848,
U9,Offline semantic annotations,1000,0.084,-280.084,-14961.848,
U9,Offline semantic annotations,10000,0.084,-100.084,-12801.848,
U10,Learned preference model,100,0.0252,-597.5252,-28322.8224,
U10,Learned preference model,1000,0.252,-485.252,-26975.544,
U10,Learned preference model,10000,2.52,637.48,-13502.76,33.181465
U11,Delivery claim verification,100,0.021,-249.521,-11294.252,
U11,Delivery claim verification,1000,0.21,-245.21,-11242.52,
U11,Delivery claim verification,10000,2.1,-202.1,-10725.2,
