beam11	a light grey Technic liftarm beam, straight, thick, 11 holes long
pin-friction	a short black Technic pin 2L with friction ridges connecting two beams
pin-long-center-hole	a Technic long pin 3L with a perpendicular pin hole in its centre
pin-connector-4pins	a Technic pin connector perpendicular 3L with four pins, two pins on each end pointing up and down
pin-long-stop	a blue Technic long pin 3L with friction ridges and a stop bush collar
turntable-bottom	the bottom base half of a small Technic turntable with pin holes on its sides
turntable-top	the black top half of a small Technic turntable with 28 gear teeth and two raised pin holes
beam-bent-6-4	a black Technic liftarm beam bent at an angle with 9 holes, 6 on the long arm and 4 on the short arm, axle holes at both ends
axle-connector-3l	a black Technic axle connector 3L with axle holes at both ends and a perpendicular pin hole in the centre
axle2	a short red Technic axle 2 studs long with notches
beam7	a light grey Technic liftarm beam, straight, thick, 7 holes long
