Part Name,Color,Quantity,Part ID,Color Code
"Brick  1 x  1","White",6,3005.dat,15
"Brick  1 x  1","Sand Blue",2,3005.dat,379
"Brick  1 x  6","White",2,3009.dat,15
"Brick  1 x  6","Sand Blue",2,3009.dat,379
"Brick  1 x  4","White",2,3010.dat,15
"Brick  1 x  4","Sand Blue",2,3010.dat,379
"Tile  1 x  2 Grille with Groove","Black",2,2412b.dat,0
"Plate  2 x  4","White",3,3020.dat,15
"Plate  2 x  4","Sand Blue",9,3020.dat,379
"Plate  2 x  2","Black",2,3022.dat,0
"Plate  1 x  2","Sand Blue",2,3023b.dat,379
"Plate  1 x  1","Sand Blue",2,3024.dat,379
"Plate  2 x  8","Black",4,3034.dat,0
"Tile  1 x  2 with Groove","Sand Blue",2,3069b.dat,379
"Tile  1 x  2 with Computer Pattern","Black",1,3069bp25.dat,0
"Tile  1 x  1 with Groove","Light Bluish Grey",2,3070b.dat,71
"Plate  1 x  8","Sand Blue",4,3460.dat,379
"Plate  1 x  6","White",2,3666.dat,15
"Plate  1 x  6","Light Bluish Grey",2,3666.dat,71
"Plate  2 x  6","Black",5,3795.dat,0
"Plate  2 x  6","White",3,3795.dat,15
"Plate  2 x  6","Sand Blue",10,3795.dat,379
"Car Steering Stand and Wheel (Complete)","Black",1,3829c01.dat,0
"Brick  1 x  1 with Headlight","Sand Blue",14,4070.dat,379
"Minifig Seat  2 x  2","Reddish Brown",2,4079.dat,70
"Windscreen  2 x  6 x  2","Trans Black",1,4176.dat,10375
"Slope Brick Curved  3 x  1","Sand Blue",6,50950.dat,379
"Wheel Rim 12 x 11 with Notched Hole","Light Bluish Grey",4,6014b.dat,71
"Tyre 12/ 40 x 11 Wide","Rubber Black",4,6015.dat,256
"Plate  1 x  1 Round","Trans Red",2,6141.dat,36
"Plate  1 x  1 Round","Trans Clear",2,6141.dat,47
"Plate  2 x  2 with 2 Wheel Pins Extended without Wishbones","Black",2,6157.dat,0
"Tile  1 x  6","White",2,6636.dat,15
"Tile  2 x  6","White",5,69729.dat,15
"Tile  2 x  6","Light Bluish Grey",2,69729.dat,71
"Car Mudguard  4 x  2.5 x  1","Sand Blue",4,98282.dat,379
