Part Name,Color,Quantity,Part ID,Color Code
Technic Axle Pin with Friction,Blue,4,43093.dat,1
Technic Axle  3,Light Bluish Grey,8,4519.dat,71
Technic Pin Long with Friction and Slot,Blue,4,6558.dat,1
=Technic Beam  2 Liftarm,Black,5,74695.dat,0
=Technic Beam  2 Liftarm,Olive Green,3,74695.dat,330
Technic Gear 16 Tooth Reinforced,Light Bluish Grey,1,94925.dat,71
39793,Black,2,study-8dbe60c2f580-02-42110---39793.dat,0
Technic Bush with Two Flanges,Red,8,3713.dat,4
Technic Axle  2 Notched,Red,2,32062.dat,4
Technic Axle 12,Black,1,3708.dat,0
Technic Cross Block 1 x 3 (Axle/Pin/Pin),Light Bluish Grey,2,42003.dat,71
Technic Angle Connector #2 (180 degree),Black,4,32034.dat,0
Technic Beam  5,Black,1,32316.dat,0
Technic Cross Block 1 x 3 (Axle/Pin/Axle),Dark Bluish Grey,1,32184.dat,72
Technic Beam  9,Black,1,40490.dat,0
Technic Bush 1/2 Smooth with Axle Hole Semi-Reduced,Light Bluish Grey,6,32123b.dat,71
Technic Pin with Friction and Slots,Black,2,2780.dat,0
