eave-corner	an upturned curved corner piece for the flared eave of an oriental pagoda roof
roof-curve	a concave curved roof slope for a Japanese temple roof
blossom	a pink leafy foliage piece for the canopy of a cherry blossom tree
petals	a small pink flower or petal cluster for a blossoming branch
branch	a gnarled curved tree branch for a small bonsai or cherry tree trunk
lantern-cap	a stone lantern roof cap for a Japanese garden lantern
water	a transparent blue flat tile representing pond water
lily	a lily pad floating on a pond
koi	an orange koi fish swimming in a garden pond
bamboo	a bamboo stalk plant for a Japanese garden
bridge-arch	a curved arch for a small red arched footbridge over a pond
railing	a short fence or railing section for a footbridge
finial	a golden spire finial with rings for the top of a pagoda
bell	a small hanging bell ornament for the corner of a temple roof
torii-beam	a long curved beam with upturned ends for the top of a torii gate
rock	a rounded grey boulder rock for a garden pond edge
stepping	a round flat stepping stone tile for a garden path
shrub	a round green bush for a Japanese garden
